﻿{
    "paths": {
        "candidates_csv": "C:\\Users\\ancao\\Desktop\\Facultate an4 sem1\\RPA\\proiect\\Recruitment-Automation\\Candidates.csv",
		"cvs_folder": "C:\\Users\\ancao\\Desktop\\Facultate an4 sem1\\RPA\\proiect\\Recruitment-Automation\\CVs\\"
    },
    "interview_settings": {
		"start_date": "2025-02-03T00:00:00",
		"end_date": "2025-02-07T00:00:00",
        "duration": 1,
        "start_hour": 12,
        "end_hour": 18
    },
	"job_settings": {
		"siteURL": "ro.indeed.com",
		"company": "amiq"
	}
}