{
  "Workflows": [
    {
      "Path": null,
      "SortBy": 0,
      "VariablesSectionElementsOrder": [],
      "ArgumentsSectionElementsOrder": null,
      "ConstantsSectionElementsOrder": [],
      "AddedNamespaces": null
    },
    {
      "Path": "Project.xaml",
      "SortBy": 0,
      "VariablesSectionElementsOrder": [
        "jsonString&Sequence_1"
      ],
      "ArgumentsSectionElementsOrder": [
        "jsonConfigData"
      ],
      "ConstantsSectionElementsOrder": [],
      "AddedNamespaces": null
    },
    {
      "Path": "GetJobs.xaml",
      "SortBy": 0,
      "VariablesSectionElementsOrder": [
        "forEachRowCurrentIndex&Sequence_26",
        "jobInfo&Sequence_27",
        "out_info&Sequence_27",
        "dataTable&Sequence_1",
        "ExtractDataTable&Sequence_19",
        "forEachRowCurrentIndex&Sequence_20"
      ],
      "ArgumentsSectionElementsOrder": [
        "out_info"
      ],
      "ConstantsSectionElementsOrder": [],
      "AddedNamespaces": null
    },
    {
      "Path": "email.xaml",
      "SortBy": 0,
      "VariablesSectionElementsOrder": [
        "candidates_csv_path&Sequence_1",
        "variable1&Sequence_1",
        "cvs_folder_path&Sequence_1",
        "email&Sequence_1",
        "candidati&Sequence_1",
        "index&Sequence_1",
        "output_text&Sequence_5",
        "path_pdf&Sequence_5"
      ],
      "ArgumentsSectionElementsOrder": [
        "in_jsonConfigData"
      ],
      "ConstantsSectionElementsOrder": [],
      "AddedNamespaces": null
    },
    {
      "Path": "Jobs Scraping.xaml",
      "SortBy": 0,
      "VariablesSectionElementsOrder": [
        "SiteURL&Sequence_1",
        "company&Sequence_1",
        "info&Sequence_1"
      ],
      "ArgumentsSectionElementsOrder": [
        "in_jsonConfigData"
      ],
      "ConstantsSectionElementsOrder": [],
      "AddedNamespaces": null
    },
    {
      "Path": "OpenSite.xaml",
      "SortBy": 0,
      "VariablesSectionElementsOrder": [],
      "ArgumentsSectionElementsOrder": [
        "url_in"
      ],
      "ConstantsSectionElementsOrder": [],
      "AddedNamespaces": null
    },
    {
      "Path": "SearchCompany.xaml",
      "SortBy": 0,
      "VariablesSectionElementsOrder": [],
      "ArgumentsSectionElementsOrder": [
        "in_company",
        "in_city"
      ],
      "ConstantsSectionElementsOrder": [],
      "AddedNamespaces": null
    },
    {
      "Path": "WriteJobs.xaml",
      "SortBy": 0,
      "VariablesSectionElementsOrder": [],
      "ArgumentsSectionElementsOrder": [
        "in_info"
      ],
      "ConstantsSectionElementsOrder": [],
      "AddedNamespaces": null
    },
    {
      "Path": "jobscrapping.xaml",
      "SortBy": 0,
      "VariablesSectionElementsOrder": [],
      "ArgumentsSectionElementsOrder": [],
      "ConstantsSectionElementsOrder": [],
      "AddedNamespaces": null
    },
    {
      "Path": "SendEmails.xaml",
      "SortBy": 0,
      "VariablesSectionElementsOrder": [
        "countAccepted&Flowchart_1",
        "ResultCandidates&Flowchart_1",
        "IenumerableEmail&Flowchart_1",
        "email&Sequence_1",
        "result&Sequence_1"
      ],
      "ArgumentsSectionElementsOrder": [
        "out_countAccepted"
      ],
      "ConstantsSectionElementsOrder": [],
      "AddedNamespaces": null
    },
    {
      "Path": "Programare interviuri.xaml",
      "SortBy": 0,
      "VariablesSectionElementsOrder": [
        "sedinte&Flowchart_1",
        "durata&Flowchart_1",
        "timpstart&Flowchart_1",
        "timpfinal&Flowchart_1",
        "ListaDeDate&Flowchart_1",
        "evenimentStart&Sequence_2",
        "interviuFinal&Sequence_2",
        "limitaFinala&Sequence_2",
        "i&Sequence_2",
        "eveniment1&Sequence_5",
        "eveniment2&Sequence_5"
      ],
      "ArgumentsSectionElementsOrder": [],
      "ConstantsSectionElementsOrder": [],
      "AddedNamespaces": null
    },
    {
      "Path": "handleApplicationscopilot.xaml",
      "SortBy": 0,
      "VariablesSectionElementsOrder": [
        "in_countAccepted&Sequence_1",
        "out_countAccepted&Sequence_1"
      ],
      "ArgumentsSectionElementsOrder": [
        "out_countAccepted"
      ],
      "ConstantsSectionElementsOrder": [],
      "AddedNamespaces": null
    },
    {
      "Path": "HandleApplications.xaml",
      "SortBy": 0,
      "VariablesSectionElementsOrder": [
        "out_countAccepted_SendEmails&Sequence_1"
      ],
      "ArgumentsSectionElementsOrder": [
        "in_jsonConfigData"
      ],
      "ConstantsSectionElementsOrder": [],
      "AddedNamespaces": null
    },
    {
      "Path": "ScheduleInterviews.xaml",
      "SortBy": 0,
      "VariablesSectionElementsOrder": [
        "interviewDuration&Sequence_1",
        "endHour&Sequence_1",
        "startHour&Sequence_1",
        "startDate&Sequence_1",
        "endDate&Sequence_1",
        "datesList&Sequence_1",
        "intervalStart&Sequence_3",
        "intervalEnd&Sequence_3",
        "variable2&Sequence_3",
        "interviewStart&Sequence_3"
      ],
      "ArgumentsSectionElementsOrder": [
        "in_jsonConfigDataApp",
        "in_countAccepted"
      ],
      "ConstantsSectionElementsOrder": [],
      "AddedNamespaces": null
    }
  ]
}